Day,Time,Currency,Impact,Event,Event_Link,Actual,Forecast,Previous
"Sunday, September 21, 2025",21:00,AUD,Low Volatility Expected,RBA Gov Bullock Speaks,https://www.investing.com/economic-calendar/rba-gov-bullock-speaks-2258,,,
"Sunday, September 21, 2025",21:00,CNY,Moderate Volatility Expected,China Loan Prime Rate 5Y (Sep),https://www.investing.com/economic-calendar/china-loan-prime-rate-5y-2225,3.50%,3.50%,3.50%
"Sunday, September 21, 2025",21:15,CNY,Moderate Volatility Expected,PBoC Loan Prime Rate,https://www.investing.com/economic-calendar/pboc-loan-prime-rate-1967,3.00%,3.00%,3.00%
"Monday, September 22, 2025",03:00,CHF,Low Volatility Expected,M3 Money Supply (Aug),https://www.investing.com/economic-calendar/m3-money-supply-2223,"1,196.9B",,"1,192.4B"
"Monday, September 22, 2025",04:30,HKD,Low Volatility Expected,CPI (MoM) (Aug),https://www.investing.com/economic-calendar/cpi-2194,0.10%,,0.60%
"Monday, September 22, 2025",04:30,HKD,Low Volatility Expected,CPI (YoY) (Aug),https://www.investing.com/economic-calendar/hong-kong-cpi-774,1.10%,1.10%,1.00%
"Monday, September 22, 2025",07:25,BRL,Low Volatility Expected,BCB Focus Market Readout,https://www.investing.com/economic-calendar/bcb-focus-market-readout-1784,,,
"Monday, September 22, 2025",07:30,INR,Low Volatility Expected,Infrastructure Output (YoY) (Aug),https://www.investing.com/economic-calendar/indian-infrastructure-output-759,6.3%,,3.7%
"Monday, September 22, 2025",08:30,USD,Low Volatility Expected,Chicago Fed National Activity (Aug),https://www.investing.com/economic-calendar/chicago-fed-national-activity-523,-0.12,,-0.28
"Monday, September 22, 2025",08:30,CAD,Low Volatility Expected,IPPI (YoY) (Aug),https://www.investing.com/economic-calendar/ippi-742,4.0%,,2.6%
"Monday, September 22, 2025",08:30,CAD,Low Volatility Expected,IPPI (MoM) (Aug),https://www.investing.com/economic-calendar/ippi-172,0.5%,0.2%,0.7%
"Monday, September 22, 2025",08:30,CAD,Moderate Volatility Expected,RMPI (MoM) (Aug),https://www.investing.com/economic-calendar/rmpi-266,-0.6%,1.2%,0.3%
"Monday, September 22, 2025",08:30,CAD,Low Volatility Expected,RMPI (YoY) (Aug),https://www.investing.com/economic-calendar/rmpi-1030,3.2%,,0.7%
"Monday, September 22, 2025",08:45,EUR,Moderate Volatility Expected,German Buba Mauderer Speaks,https://www.investing.com/economic-calendar/german-buba-mauderer-speaks-1977,,,
"Monday, September 22, 2025",09:00,EUR,Low Volatility Expected,French 12-Month BTF Auction,https://www.investing.com/economic-calendar/french-12-month-btf-auction-685,2.048%,,2.046%
"Monday, September 22, 2025",09:00,EUR,Low Volatility Expected,French 3-Month BTF Auction,https://www.investing.com/economic-calendar/french-3-month-btf-auction-683,2.007%,,2.007%
"Monday, September 22, 2025",09:00,EUR,Low Volatility Expected,French 6-Month BTF Auction,https://www.investing.com/economic-calendar/french-6-month-btf-auction-684,2.027%,,2.027%
"Monday, September 22, 2025",09:45,GBP,Moderate Volatility Expected,BoE MPC Member Pill Speaks,https://www.investing.com/economic-calendar/boe-mpc-member-pill-speech-2011,,,
"Monday, September 22, 2025",09:45,USD,Moderate Volatility Expected,FOMC Member Williams Speaks,https://www.investing.com/economic-calendar/fomc-member-williams-speaks-1585,,,
"Monday, September 22, 2025",09:45,EUR,Moderate Volatility Expected,ECB's Lane Speaks,https://www.investing.com/economic-calendar/ecb's-lane-speaks-1971,,,
"Monday, September 22, 2025",10:00,EUR,Low Volatility Expected,Consumer Confidence (Sep),https://www.investing.com/economic-calendar/consumer-confidence-49,-14.9,-15.0,-15.5
"Monday, September 22, 2025",11:30,USD,Low Volatility Expected,3-Month Bill Auction,https://www.investing.com/economic-calendar/3-month-bill-auction-568,3.860%,,3.905%
"Monday, September 22, 2025",11:30,USD,Low Volatility Expected,6-Month Bill Auction,https://www.investing.com/economic-calendar/6-month-bill-auction-679,3.705%,,3.715%
"Monday, September 22, 2025",12:00,USD,Low Volatility Expected,FOMC Member Barkin Speaks,https://www.investing.com/economic-calendar/fomc-member-barkin-speaks-1775,,,
"Monday, September 22, 2025",12:00,EUR,Moderate Volatility Expected,German Buba President Nagel Speaks,https://www.investing.com/economic-calendar/german-buba-president-nagel-speech-2015,,,
"Monday, September 22, 2025",13:15,CAD,Moderate Volatility Expected,BoC Senior Deputy Governor Rogers Speaks,https://www.investing.com/economic-calendar/bank-of-canada-senior-deputy-governor-rogers-speech-2010,,,
"Monday, September 22, 2025",13:30,EUR,Moderate Volatility Expected,German Buba Balz Speaks,https://www.investing.com/economic-calendar/german-buba-balz-speaks-1996,,,
"Monday, September 22, 2025",14:00,GBP,Moderate Volatility Expected,BoE Gov Bailey Speaks,https://www.investing.com/economic-calendar/boe-gov-bailey-speaks-1975,,,
"Monday, September 22, 2025",15:45,CAD,Moderate Volatility Expected,BoC Deputy Gov Kozicki Speaks,https://www.investing.com/economic-calendar/boc-deputy-gov-kozicki-speech-2018,,,
"Monday, September 22, 2025",17:00,KRW,Low Volatility Expected,PPI (YoY) (Aug),https://www.investing.com/economic-calendar/south-korean-ppi-747,0.6%,,0.5%
"Monday, September 22, 2025",17:00,KRW,Low Volatility Expected,PPI (MoM) (Aug),https://www.investing.com/economic-calendar/south-korean-ppi-648,-0.1%,,0.4%
"Monday, September 22, 2025",19:00,AUD,Low Volatility Expected,Manufacturing & Services PMI (MoM) (Sep),https://www.investing.com/economic-calendar/manufacturing---services-pmi-2264,52.10%,,55.50%
"Monday, September 22, 2025",19:00,AUD,Low Volatility Expected,Judo Bank Manufacturing PMI (Sep),https://www.investing.com/economic-calendar/manufacturing-pmi-1838,51.6,,53.0
"Monday, September 22, 2025",19:00,AUD,Low Volatility Expected,Judo Bank Services PMI (Sep),https://www.investing.com/economic-calendar/services-pmi-1839,52.0,,55.8
"Tuesday, September 23, 2025",01:00,INR,Low Volatility Expected,S&P Global Manufacturing PMI (Sep),https://www.investing.com/economic-calendar/indian-nikkei-s-p-global-manufacturing-pmi-754,58.5,,59.3
"Tuesday, September 23, 2025",01:00,INR,Low Volatility Expected,S&P Global Services PMI (Sep),https://www.investing.com/economic-calendar/indian-nikkei-services-pmi-598,61.6,,62.9
"Tuesday, September 23, 2025",01:00,INR,Low Volatility Expected,Manufacturing & Services PMI (MoM) (Sep),https://www.investing.com/economic-calendar/manufacturing---services-pmi-2273,61.90%,,63.20%
"Tuesday, September 23, 2025",01:00,SGD,Moderate Volatility Expected,Core CPI (YoY) (Aug),https://www.investing.com/economic-calendar/core-cpi-2071,0.30%,0.40%,0.50%
"Tuesday, September 23, 2025",01:00,SGD,Low Volatility Expected,CPI (MoM) (Aug),https://www.investing.com/economic-calendar/cpi-nsa-2204,0.50%,,-0.40%
"Tuesday, September 23, 2025",01:00,SGD,Moderate Volatility Expected,CPI (YoY) (Aug),https://www.investing.com/economic-calendar/singaporean-cpi-1112,0.5%,0.6%,0.6%
"Tuesday, September 23, 2025",03:00,ZAR,Low Volatility Expected,Leading Indicators (Jul),https://www.investing.com/economic-calendar/leading-indicator-2257,113.70%,,112.68%
"Tuesday, September 23, 2025",03:15,EUR,Moderate Volatility Expected,HCOB France Manufacturing PMI (Sep),https://www.investing.com/economic-calendar/french-manufacturing-pmi-340,48.1,50.2,50.4
"Tuesday, September 23, 2025",03:15,EUR,Low Volatility Expected,HCOB France Composite PMI (Sep),https://www.investing.com/economic-calendar/french-s-p-global-comp.-pmi-672,48.4,49.9,49.8
"Tuesday, September 23, 2025",03:15,EUR,Moderate Volatility Expected,HCOB France Services PMI (Sep),https://www.investing.com/economic-calendar/french-services-pmi-341,48.9,49.7,49.8
"Tuesday, September 23, 2025",03:30,EUR,Low Volatility Expected,HCOB Germany Composite PMI (Sep),https://www.investing.com/economic-calendar/german-composite-pmi-1469,52.4,50.5,50.5
"Tuesday, September 23, 2025",03:30,EUR,Moderate Volatility Expected,HCOB Germany Manufacturing PMI (Sep),https://www.investing.com/economic-calendar/german-manufacturing-pmi-136,48.5,50.0,49.8
"Tuesday, September 23, 2025",03:30,EUR,Moderate Volatility Expected,HCOB Germany Services PMI (Sep),https://www.investing.com/economic-calendar/german-services-pmi-140,52.5,49.5,49.3
"Tuesday, September 23, 2025",04:00,EUR,Low Volatility Expected,Spanish Trade Balance (Jul),https://www.investing.com/economic-calendar/spanish-trade-balance-559,-4.01B,,-3.59B
"Tuesday, September 23, 2025",04:00,EUR,Moderate Volatility Expected,HCOB Eurozone Manufacturing PMI (Sep),https://www.investing.com/economic-calendar/manufacturing-pmi-201,49.5,50.7,50.7
"Tuesday, September 23, 2025",04:00,EUR,Moderate Volatility Expected,HCOB Eurozone Composite PMI (Sep),https://www.investing.com/economic-calendar/s-p-global-composite-pmi-1491,51.2,51.1,51.0
"Tuesday, September 23, 2025",04:00,EUR,Moderate Volatility Expected,HCOB Eurozone Services PMI (Sep),https://www.investing.com/economic-calendar/services-pmi-272,51.4,50.6,50.5
"Tuesday, September 23, 2025",04:30,GBP,Moderate Volatility Expected,S&P Global Composite PMI (Sep),https://www.investing.com/economic-calendar/composite-pmi-1934,51.0,52.7,53.5
"Tuesday, September 23, 2025",04:30,GBP,Moderate Volatility Expected,S&P Global Manufacturing PMI (Sep),https://www.investing.com/economic-calendar/manufacturing-pmi-204,46.2,47.1,47.0
"Tuesday, September 23, 2025",04:30,GBP,Moderate Volatility Expected,S&P Global Services PMI (Sep),https://www.investing.com/economic-calendar/services-pmi-274,51.9,53.4,54.2
"Tuesday, September 23, 2025",05:00,GBP,Low Volatility Expected,30-Year Treasury Gilt Auction,https://www.investing.com/economic-calendar/30-year-treasury-gilt-auction-722,5.480%,,5.170%
"Tuesday, September 23, 2025",05:00,GBP,Moderate Volatility Expected,BoE MPC Member Pill Speaks,https://www.investing.com/economic-calendar/boe-mpc-member-pill-speech-2011,,,
"Tuesday, September 23, 2025",05:30,EUR,Low Volatility Expected,German 2-Year Schatz Auction,https://www.investing.com/economic-calendar/german-2-year-schatz-auction-578,2.010%,,1.960%
"Tuesday, September 23, 2025",06:00,GBP,Low Volatility Expected,CBI Industrial Trends Orders (Sep),https://www.investing.com/economic-calendar/cbi-industrial-trends-orders-34,-27,-30,-33
"Tuesday, September 23, 2025",07:00,BRL,Low Volatility Expected,BCB Copom Meeting Minutes,https://www.investing.com/economic-calendar/bcb-copom-meeting-minutes-1785,,,
"Tuesday, September 23, 2025",08:30,USD,Moderate Volatility Expected,Current Account (Q2),https://www.investing.com/economic-calendar/current-account-81,-251.3B,-259.0B,-439.8B
"Tuesday, September 23, 2025",08:30,USD,Low Volatility Expected,Fed Goolsbee Speaks,https://www.investing.com/economic-calendar/fed-goolsbee-speaks-2211,,,
"Tuesday, September 23, 2025",08:30,CAD,Moderate Volatility Expected,New Housing Price Index (MoM) (Aug),https://www.investing.com/economic-calendar/new-housing-price-index-223,-0.3%,0.0%,-0.1%
"Tuesday, September 23, 2025",08:55,USD,Low Volatility Expected,Redbook (YoY),https://www.investing.com/economic-calendar/redbook-911,5.7%,,6.3%
"Tuesday, September 23, 2025",09:00,USD,Moderate Volatility Expected,FOMC Member Bowman Speaks,https://www.investing.com/economic-calendar/fomc-member-bowman-speaks-1835,,,
"Tuesday, September 23, 2025",09:45,USD,High Volatility Expected,S&P Global Manufacturing PMI (Sep),https://www.investing.com/economic-calendar/manufacturing-pmi-829,52.0,52.2,53.0
"Tuesday, September 23, 2025",09:45,USD,Moderate Volatility Expected,S&P Global Composite PMI (Sep),https://www.investing.com/economic-calendar/s-p-global-composite-pmi-1492,53.6,54.6,54.6
"Tuesday, September 23, 2025",09:45,USD,High Volatility Expected,S&P Global Services PMI (Sep),https://www.investing.com/economic-calendar/services-pmi-1062,53.9,54.0,54.5
"Tuesday, September 23, 2025",09:50,USD,High Volatility Expected,U.S. President Trump Speaks,https://www.investing.com/economic-calendar/u.s.-president-trump-speaks-1694,,,
"Tuesday, September 23, 2025",10:00,USD,Moderate Volatility Expected,FOMC Member Bostic Speaks,https://www.investing.com/economic-calendar/fomc-member-bostic-speaks-1712,,,
"Tuesday, September 23, 2025",10:00,USD,Low Volatility Expected,Richmond Manufacturing Index (Sep),https://www.investing.com/economic-calendar/richmond-manufacturing-index-263,-17,-5,-7
"Tuesday, September 23, 2025",10:00,USD,Low Volatility Expected,Richmond Manufacturing Shipments (Sep),https://www.investing.com/economic-calendar/richmond-manufacturing-shipments-1510,-20,,-5
"Tuesday, September 23, 2025",10:00,USD,Low Volatility Expected,Richmond Services Index (Sep),https://www.investing.com/economic-calendar/richmond-services-index-1511,1,,4
"Tuesday, September 23, 2025",12:35,USD,High Volatility Expected,Fed Chair Powell Speaks,https://www.investing.com/economic-calendar/fed-chair-powell-speaks-1738,,,
"Tuesday, September 23, 2025",13:00,USD,Moderate Volatility Expected,2-Year Note Auction,https://www.investing.com/economic-calendar/2-year-note-auction-569,3.561%,,3.641%
"Tuesday, September 23, 2025",13:00,USD,Low Volatility Expected,M2 Money Supply (MoM) (Aug),https://www.investing.com/economic-calendar/us-m2-money-supply-1999,22.20T,,22.12T
"Tuesday, September 23, 2025",14:15,CAD,Moderate Volatility Expected,BoC Gov Macklem Speaks,https://www.investing.com/economic-calendar/boc-gov-council-member-macklem-speaks-1138,,,
"Tuesday, September 23, 2025",15:30,USD,Low Volatility Expected,Fed Goolsbee Speaks,https://www.investing.com/economic-calendar/fed-goolsbee-speaks-2211,,,
"Tuesday, September 23, 2025",16:30,USD,Moderate Volatility Expected,API Weekly Crude Oil Stock,https://www.investing.com/economic-calendar/api-weekly-crude-stock-656,-3.821M,,-3.420M
"Tuesday, September 23, 2025",17:00,KRW,Low Volatility Expected,Consumer Confidence (Sep),https://www.investing.com/economic-calendar/south-korean-consumer-confidence-468,110.1,,111.4
"Tuesday, September 23, 2025",18:00,EUR,Moderate Volatility Expected,German Buba Mauderer Speaks,https://www.investing.com/economic-calendar/german-buba-mauderer-speaks-1977,,,
"Tuesday, September 23, 2025",19:20,USD,High Volatility Expected,U.S. President Trump Speaks,https://www.investing.com/economic-calendar/u.s.-president-trump-speaks-1694,,,
"Tuesday, September 23, 2025",20:30,JPY,Low Volatility Expected,Manufacturing & Services PMI (MoM) (Sep),https://www.investing.com/economic-calendar/manufacturing---services-pmi-2276,51.10%,,52.00%
"Tuesday, September 23, 2025",20:30,JPY,Low Volatility Expected,au Jibun Bank Manufacturing PMI (Sep),https://www.investing.com/economic-calendar/manufacturing-pmi-202,48.4,49.5,49.7
"Tuesday, September 23, 2025",20:30,JPY,Moderate Volatility Expected,au Jibun Bank Services PMI (Sep),https://www.investing.com/economic-calendar/services-pmi-1912,53.0,,53.1
"Tuesday, September 23, 2025",21:30,AUD,Low Volatility Expected,Monthly CPI Indicator (YoY) (Aug),https://www.investing.com/economic-calendar/weighted-cpi-2215,3.00%,2.90%,2.80%
"Wednesday, September 24, 2025",01:00,JPY,Moderate Volatility Expected,BoJ Core CPI (YoY),https://www.investing.com/economic-calendar/boj-core-cpi-1667,2.0%,1.9%,2.0%
"Wednesday, September 24, 2025",03:00,EUR,Moderate Volatility Expected,German Buba Balz Speaks,https://www.investing.com/economic-calendar/german-buba-balz-speaks-1996,,,
"Wednesday, September 24, 2025",03:00,EUR,Low Volatility Expected,Spanish PPI (YoY) (Aug),https://www.investing.com/economic-calendar/spanish-ppi-404,-1.5%,,0.4%
"Wednesday, September 24, 2025",03:00,EUR,Moderate Volatility Expected,European Central Bank Non-monetary Policy Meeting,https://www.investing.com/economic-calendar/ecb-non-monetary-policy-meeting-2014,,,
"Wednesday, September 24, 2025",04:00,CHF,Low Volatility Expected,ZEW Expectations (Sep),https://www.investing.com/economic-calendar/zew-expectations-311,-46.4,,-53.8
"Wednesday, September 24, 2025",04:00,EUR,Moderate Volatility Expected,German Business Expectations (Sep),https://www.investing.com/economic-calendar/german-business-expectations-521,89.7,92.0,91.4
"Wednesday, September 24, 2025",04:00,EUR,Moderate Volatility Expected,German Current Assessment (Sep),https://www.investing.com/economic-calendar/german-current-assessment-520,85.7,86.5,86.4
"Wednesday, September 24, 2025",04:00,EUR,Moderate Volatility Expected,German Ifo Business Climate Index (Sep),https://www.investing.com/economic-calendar/german-ifo-business-climate-index-132,87.7,89.3,88.9
"Wednesday, September 24, 2025",05:00,GBP,Low Volatility Expected,5-Year Treasury Gilt Auction,https://www.investing.com/economic-calendar/5-year-treasury-gilt-auction-714,4.095%,,4.022%
"Wednesday, September 24, 2025",05:30,EUR,Low Volatility Expected,Italian 2-Year CTZ Auction,https://www.investing.com/economic-calendar/italian-2-year-ctz-auction-582,2.230%,,2.200%
"Wednesday, September 24, 2025",07:00,USD,Low Volatility Expected,MBA 30-Year Mortgage Rate,https://www.investing.com/economic-calendar/mba-30-year-mortgage-rate-1042,6.34%,,6.39%
"Wednesday, September 24, 2025",07:00,USD,Low Volatility Expected,MBA Mortgage Applications (WoW),https://www.investing.com/economic-calendar/mba-mortgage-applications-380,0.6%,,29.7%
"Wednesday, September 24, 2025",07:00,USD,Low Volatility Expected,MBA Purchase Index,https://www.investing.com/economic-calendar/mba-purchase-index-1494,174.5,,174.0
"Wednesday, September 24, 2025",07:00,USD,Low Volatility Expected,Mortgage Market Index,https://www.investing.com/economic-calendar/mortgage-market-index-1427,388.3,,386.1
"Wednesday, September 24, 2025",07:00,USD,Low Volatility Expected,Mortgage Refinance Index,https://www.investing.com/economic-calendar/mortgage-refinance-index-1428,"1,609.8",,"1,596.7"
"Wednesday, September 24, 2025",07:00,BRL,Low Volatility Expected,FGV Consumer confidence (Sep),https://www.investing.com/economic-calendar/fgv-consumer-confidence-860,87.5,,86.2
"Wednesday, September 24, 2025",07:50,USD,Moderate Volatility Expected,Building Permits (Aug),https://www.investing.com/economic-calendar/building-permits-25,1.330M,1.312M,1.362M
"Wednesday, September 24, 2025",07:50,USD,Low Volatility Expected,Building Permits (MoM) (Aug),https://www.investing.com/economic-calendar/building-permits-885,-2.3%,-3.7%,-2.2%
"Wednesday, September 24, 2025",10:00,USD,High Volatility Expected,New Home Sales (Aug),https://www.investing.com/economic-calendar/new-home-sales-222,800K,650K,664K
"Wednesday, September 24, 2025",10:00,USD,Moderate Volatility Expected,New Home Sales (MoM) (Aug),https://www.investing.com/economic-calendar/new-home-sales-896,20.5%,,-1.8%
"Wednesday, September 24, 2025",10:30,USD,High Volatility Expected,Crude Oil Inventories,https://www.investing.com/economic-calendar/eia-crude-oil-inventories-75,-0.607M,0.800M,-9.285M
"Wednesday, September 24, 2025",10:30,USD,Low Volatility Expected,EIA Refinery Crude Runs (WoW),https://www.investing.com/economic-calendar/eia-refinery-crude-runs-1960,0.052M,,-0.394M
"Wednesday, September 24, 2025",10:30,USD,Low Volatility Expected,Crude Oil Imports,https://www.investing.com/economic-calendar/eia-weekly-crude-imports-1658,1.596M,,-3.111M
"Wednesday, September 24, 2025",10:30,USD,Moderate Volatility Expected,Cushing Crude Oil Inventories,https://www.investing.com/economic-calendar/eia-weekly-cushing-oil-inventories-1657,0.177M,,-0.296M
"Wednesday, September 24, 2025",10:30,USD,Low Volatility Expected,Distillate Fuel Production,https://www.investing.com/economic-calendar/eia-weekly-distillate-fuel-production-1660,0.029M,,-0.274M
"Wednesday, September 24, 2025",10:30,USD,Low Volatility Expected,EIA Weekly Distillates Stocks,https://www.investing.com/economic-calendar/eia-weekly-distillates-stocks-917,-1.685M,-1.500M,4.046M
"Wednesday, September 24, 2025",10:30,USD,Low Volatility Expected,Gasoline Production,https://www.investing.com/economic-calendar/eia-weekly-gasoline-production-1661,0.300M,,-0.180M
"Wednesday, September 24, 2025",10:30,USD,Low Volatility Expected,Heating Oil Stockpiles,https://www.investing.com/economic-calendar/eia-weekly-heatoil-stock-1659,-0.189M,,0.670M
"Wednesday, September 24, 2025",10:30,USD,Low Volatility Expected,EIA Weekly Refinery Utilization Rates (WoW),https://www.investing.com/economic-calendar/eia-weekly-refinery-utilization-rates-1961,-0.3%,,-1.6%
"Wednesday, September 24, 2025",10:30,USD,Low Volatility Expected,Gasoline Inventories,https://www.investing.com/economic-calendar/gasoline-inventories-485,-1.081M,0.400M,-2.347M
"Wednesday, September 24, 2025",12:00,RUB,Low Volatility Expected,Industrial Production (YoY) (Aug),https://www.investing.com/economic-calendar/russian-industrial-production-553,0.5%,0.8%,0.7%
"Wednesday, September 24, 2025",13:00,USD,Moderate Volatility Expected,5-Year Note Auction,https://www.investing.com/economic-calendar/5-year-note-auction-570,3.710%,,3.724%
"Wednesday, September 24, 2025",13:30,BRL,Low Volatility Expected,Foreign Exchange Flows,https://www.investing.com/economic-calendar/brazilian-foreign-exchange-flows-764,-0.660B,,-0.163B
"Wednesday, September 24, 2025",16:10,USD,Moderate Volatility Expected,FOMC Member Daly Speaks,https://www.investing.com/economic-calendar/fomc-member-daly-speaks-1802,,,
"Wednesday, September 24, 2025",19:50,JPY,Low Volatility Expected,Corporate Services Price Index (CSPI) (YoY),https://www.investing.com/economic-calendar/cspi-76,2.7%,2.9%,2.6%
"Wednesday, September 24, 2025",19:50,JPY,Moderate Volatility Expected,Monetary Policy Meeting Minutes,https://www.investing.com/economic-calendar/monetary-policy-meeting-minutes-210,,,
"Thursday, September 25, 2025",00:00,GBP,Low Volatility Expected,Car Registration (YoY) (Aug),https://www.investing.com/economic-calendar/car-registration-1932,-2.0%,,-5.0%
"Thursday, September 25, 2025",00:00,GBP,Low Volatility Expected,Car Registration (MoM) (Aug),https://www.investing.com/economic-calendar/car-registration-1931,-40.8%,,-26.7%
"Thursday, September 25, 2025",00:00,EUR,Low Volatility Expected,Italian Car Registration (MoM) (Aug),https://www.investing.com/economic-calendar/italian-car-registration-1922,-43.2%,,-10.4%
"Thursday, September 25, 2025",00:00,EUR,Low Volatility Expected,Italian Car Registration (YoY) (Aug),https://www.investing.com/economic-calendar/italian-car-registration-1923,-2.7%,,-5.1%
"Thursday, September 25, 2025",00:00,EUR,Low Volatility Expected,German Car Registration (MoM) (Aug),https://www.investing.com/economic-calendar/german-car-registration-1891,-21.7%,,3.4%
"Thursday, September 25, 2025",00:00,EUR,Low Volatility Expected,German Car Registration (YoY) (Aug),https://www.investing.com/economic-calendar/german-car-registration-1892,5.0%,,11.1%
"Thursday, September 25, 2025",00:00,EUR,Low Volatility Expected,French Car Registration (YoY) (Aug),https://www.investing.com/economic-calendar/french-car-registration-1928,2.2%,,-7.7%
"Thursday, September 25, 2025",00:00,EUR,Low Volatility Expected,French Car Registration (MoM) (Aug),https://www.investing.com/economic-calendar/french-car-registration-1927,-24.5%,,-31.3%
"Thursday, September 25, 2025",02:00,EUR,Moderate Volatility Expected,GfK German Consumer Climate (Oct),https://www.investing.com/economic-calendar/gfk-german-consumer-climate-359,-22.3,-23.3,-23.5
"Thursday, September 25, 2025",02:45,EUR,Low Volatility Expected,French Consumer Confidence (Sep),https://www.investing.com/economic-calendar/french-consumer-confidence-519,87,87,87
"Thursday, September 25, 2025",03:30,CHF,High Volatility Expected,SNB Interest Rate Decision (Q3),https://www.investing.com/economic-calendar/interest-rate-decision-169,0.00%,0.00%,0.00%
"Thursday, September 25, 2025",03:30,CHF,Moderate Volatility Expected,SNB Monetary Policy Assessment,https://www.investing.com/economic-calendar/snb-monetary-policy-assessment-1689,,,
"Thursday, September 25, 2025",04:00,CHF,Moderate Volatility Expected,SNB Press Conference,https://www.investing.com/economic-calendar/snb-press-conference-1688,,,
"Thursday, September 25, 2025",04:00,EUR,Moderate Volatility Expected,ECB Economic Bulletin,https://www.investing.com/economic-calendar/ecb-economic-bulletin-318,,,
"Thursday, September 25, 2025",04:00,EUR,Low Volatility Expected,M3 Money Supply (YoY) (Aug),https://www.investing.com/economic-calendar/m3-money-supply-198,2.9%,3.3%,3.4%
"Thursday, September 25, 2025",04:00,EUR,Low Volatility Expected,Loans to Non Financial Corporations (Aug),https://www.investing.com/economic-calendar/non-financial-corporations-loans-1901,3.0%,,2.8%
"Thursday, September 25, 2025",04:00,EUR,Low Volatility Expected,Private Sector Loans (YoY) (Aug),https://www.investing.com/economic-calendar/private-loans-382,2.5%,2.3%,2.4%
"Thursday, September 25, 2025",04:30,HKD,Low Volatility Expected,Exports (MoM) (Aug),https://www.investing.com/economic-calendar/hong-kong-exports-1086,14.5%,,14.3%
"Thursday, September 25, 2025",04:30,HKD,Low Volatility Expected,Imports (MoM) (Aug),https://www.investing.com/economic-calendar/hong-kong-imports-1087,11.5%,,16.5%
"Thursday, September 25, 2025",04:30,HKD,Low Volatility Expected,Trade Balance (Aug),https://www.investing.com/economic-calendar/hong-kong-trade-balance-502,-25.4B,,-34.1B
"Thursday, September 25, 2025",05:10,EUR,Low Volatility Expected,Italian 6-Month BOT Auction,https://www.investing.com/economic-calendar/italian-6-month-bot-auction-696,2.044%,,2.012%
"Thursday, September 25, 2025",05:30,ZAR,Low Volatility Expected,PPI (MoM) (Aug),https://www.investing.com/economic-calendar/south-african-ppi-601,0.3%,,0.7%
"Thursday, September 25, 2025",05:30,ZAR,Low Volatility Expected,PPI (YoY) (Aug),https://www.investing.com/economic-calendar/south-african-ppi-1184,2.1%,1.8%,1.5%
"Thursday, September 25, 2025",06:00,GBP,Low Volatility Expected,CBI Distributive Trades Survey (Sep),https://www.investing.com/economic-calendar/cbi-distributive-trades-realized-33,-29,-31,-32
"Thursday, September 25, 2025",08:00,BRL,Low Volatility Expected,BCB National Monetary Council Meeting,https://www.investing.com/economic-calendar/bcb-national-monetary-council-meeting-1786,,,
"Thursday, September 25, 2025",08:00,BRL,Low Volatility Expected,Mid-Month CPI (YoY) (Sep),https://www.investing.com/economic-calendar/brazilian-mid-month-cpi-1570,5.32%,5.36%,4.95%
"Thursday, September 25, 2025",08:00,BRL,Low Volatility Expected,Mid-Month CPI (MoM) (Sep),https://www.investing.com/economic-calendar/brazilian-mid-month-cpi-1569,0.48%,0.51%,-0.14%
"Thursday, September 25, 2025",08:20,USD,Low Volatility Expected,Fed Goolsbee Speaks,https://www.investing.com/economic-calendar/fed-goolsbee-speaks-2211,,,
"Thursday, September 25, 2025",08:30,USD,Moderate Volatility Expected,Continuing Jobless Claims,https://www.investing.com/economic-calendar/continuing-jobless-claims-522,"1,926K","1,930K","1,928K"
"Thursday, September 25, 2025",08:30,USD,Moderate Volatility Expected,Core Durable Goods Orders (MoM) (Aug),https://www.investing.com/economic-calendar/core-durable-goods-orders-59,0.4%,-0.1%,1.1%
"Thursday, September 25, 2025",08:30,USD,Moderate Volatility Expected,Core PCE Prices (Q2),https://www.investing.com/economic-calendar/core-pce-prices-1548,2.60%,2.50%,3.50%
"Thursday, September 25, 2025",08:30,USD,Low Volatility Expected,Corporate Profits (QoQ) (Q2),https://www.investing.com/economic-calendar/corporate-profits-1315,0.2%,2.0%,-3.3%
"Thursday, September 25, 2025",08:30,USD,High Volatility Expected,Durable Goods Orders (MoM) (Aug),https://www.investing.com/economic-calendar/durable-goods-orders-86,2.9%,-0.3%,-2.7%
"Thursday, September 25, 2025",08:30,USD,Low Volatility Expected,Durables Excluding Defense (MoM) (Aug),https://www.investing.com/economic-calendar/durables-excluding-defense-1446,1.9%,,-2.3%
"Thursday, September 25, 2025",08:30,USD,High Volatility Expected,GDP (QoQ) (Q2),https://www.investing.com/economic-calendar/gdp-375,3.8%,3.3%,-0.5%
"Thursday, September 25, 2025",08:30,USD,Moderate Volatility Expected,GDP Price Index (QoQ) (Q2),https://www.investing.com/economic-calendar/gdp-price-index-343,2.1%,2.0%,3.8%
"Thursday, September 25, 2025",08:30,USD,Low Volatility Expected,GDP Sales (Q2),https://www.investing.com/economic-calendar/gdp-sales-1468,7.5%,6.8%,-3.1%
"Thursday, September 25, 2025",08:30,USD,Low Volatility Expected,Goods Orders Non Defense Ex Air (MoM) (Aug),https://www.investing.com/economic-calendar/goods-orders-non-defense-ex-air-1047,0.6%,-0.1%,0.8%
"Thursday, September 25, 2025",08:30,USD,Moderate Volatility Expected,Goods Trade Balance (Aug),https://www.investing.com/economic-calendar/goods-trade-balance-1650,-85.50B,-95.70B,-103.60B
"Thursday, September 25, 2025",08:30,USD,High Volatility Expected,Initial Jobless Claims,https://www.investing.com/economic-calendar/initial-jobless-claims-294,218K,233K,232K
"Thursday, September 25, 2025",08:30,USD,Low Volatility Expected,Jobless Claims 4-Week Avg.,https://www.investing.com/economic-calendar/jobless-claims-4-week-avg.-1041,237.50K,,240.25K
"Thursday, September 25, 2025",08:30,USD,Low Volatility Expected,PCE Prices (Q2),https://www.investing.com/economic-calendar/pce-prices-1571,2.1%,2.0%,3.7%
"Thursday, September 25, 2025",08:30,USD,Low Volatility Expected,Real Consumer Spending (Q2),https://www.investing.com/economic-calendar/real-consumer-spending-914,2.5%,1.6%,0.5%
"Thursday, September 25, 2025",08:30,USD,Moderate Volatility Expected,Retail Inventories Ex Auto (Aug),https://www.investing.com/economic-calendar/retail-inventories-ex-auto-1887,0.3%,,0.2%
"Thursday, September 25, 2025",08:30,USD,Low Volatility Expected,Wholesale Inventories (MoM) (Aug),https://www.investing.com/economic-calendar/wholesale-inventories-305,-0.2%,0.2%,0.1%
"Thursday, September 25, 2025",08:30,CAD,Low Volatility Expected,Average Weekly Earnings (YoY) (Jul),https://www.investing.com/economic-calendar/average-weekly-earnings-2219,3.31%,,3.59%
"Thursday, September 25, 2025",09:00,USD,Low Volatility Expected,Fed Schmid Speaks,https://www.investing.com/economic-calendar/fed-schmid-speaks-2262,,,
"Thursday, September 25, 2025",09:00,USD,Moderate Volatility Expected,FOMC Member Williams Speaks,https://www.investing.com/economic-calendar/fomc-member-williams-speaks-1585,,,
"Thursday, September 25, 2025",09:00,RUB,Low Volatility Expected,Central Bank reserves (USD),https://www.investing.com/economic-calendar/russian-central-bank-reserves-(usd)-969,712.6B,,705.1B
"Thursday, September 25, 2025",10:00,USD,Moderate Volatility Expected,Existing Home Sales (MoM) (Aug),https://www.investing.com/economic-calendar/existing-home-sales-891,-0.2%,,2.0%
"Thursday, September 25, 2025",10:00,USD,High Volatility Expected,Existing Home Sales (Aug),https://www.investing.com/economic-calendar/existing-home-sales-99,4.00M,3.96M,4.01M
"Thursday, September 25, 2025",10:00,USD,Moderate Volatility Expected,FOMC Member Bowman Speaks,https://www.investing.com/economic-calendar/fomc-member-bowman-speaks-1835,,,
"Thursday, September 25, 2025",10:30,USD,Low Volatility Expected,Natural Gas Storage,https://www.investing.com/economic-calendar/natural-gas-storage-386,75B,76B,90B
"Thursday, September 25, 2025",11:00,USD,Low Volatility Expected,KC Fed Composite Index (Sep),https://www.investing.com/economic-calendar/kc-fed-composite-index-662,4,,1
"Thursday, September 25, 2025",11:00,USD,Low Volatility Expected,KC Fed Manufacturing Index (Sep),https://www.investing.com/economic-calendar/kc-fed-manufacturing-index-899,4,,0
"Thursday, September 25, 2025",11:30,USD,Low Volatility Expected,4-Week Bill Auction,https://www.investing.com/economic-calendar/4-week-bill-auction-567,4.080%,,4.040%
"Thursday, September 25, 2025",11:30,USD,Low Volatility Expected,8-Week Bill Auction,https://www.investing.com/economic-calendar/8-week-bill-auction-1801,4.000%,,3.965%
"Thursday, September 25, 2025",13:00,USD,Moderate Volatility Expected,7-Year Note Auction,https://www.investing.com/economic-calendar/7-year-note-auction-682,3.953%,,3.925%
"Thursday, September 25, 2025",13:00,USD,Moderate Volatility Expected,Fed Vice Chair for Supervision Barr Speaks,https://www.investing.com/economic-calendar/fed-vice-chair-for-supervision-barr-speaks-2108,,,
"Thursday, September 25, 2025",13:40,USD,Low Volatility Expected,Fed Logan Speaks,https://www.investing.com/economic-calendar/fed-logan-speaks-2119,,,
"Thursday, September 25, 2025",15:30,USD,Moderate Volatility Expected,FOMC Member Daly Speaks,https://www.investing.com/economic-calendar/fomc-member-daly-speaks-1802,,,
"Thursday, September 25, 2025",16:30,USD,Moderate Volatility Expected,Fed's Balance Sheet,https://www.investing.com/economic-calendar/fed's-balance-sheet-2145,,,"6,609B"
"Thursday, September 25, 2025",16:30,USD,Low Volatility Expected,Reserve Balances with Federal Reserve Banks,https://www.investing.com/economic-calendar/reserve-balances-with-federal-reserve-banks-2120,,,3.020T
"Thursday, September 25, 2025",17:00,KRW,Low Volatility Expected,Manufacturing BSI Index (Sep),https://www.investing.com/economic-calendar/south-korean-manufacturing-bsi-index-788,,,70
"Thursday, September 25, 2025",19:30,JPY,Low Volatility Expected,CPI Tokyo Ex Food & Energy (YoY) (Sep),https://www.investing.com/economic-calendar/cpi-less-food-and-energy-2198,,,1.5%
"Thursday, September 25, 2025",19:30,JPY,Moderate Volatility Expected,Tokyo Core CPI (YoY) (Sep),https://www.investing.com/economic-calendar/tokyo-core-cpi-328,,2.8%,2.5%
"Thursday, September 25, 2025",19:30,JPY,Low Volatility Expected,Tokyo CPI (YoY) (Sep),https://www.investing.com/economic-calendar/tokyo-cpi-993,,,2.6%
"Thursday, September 25, 2025",19:30,JPY,Low Volatility Expected,CPI Tokyo Ex Food and Energy (MoM) (Sep),https://www.investing.com/economic-calendar/tokyo-cpi-ex-food-and-energy-1908,,,0.4%
"Thursday, September 25, 2025",19:50,JPY,Low Volatility Expected,Foreign Bonds Buying,https://www.investing.com/economic-calendar/foreign-bonds-buying-987,,,"1,478.5B"
"Thursday, September 25, 2025",19:50,JPY,Low Volatility Expected,Foreign Investments in Japanese Stocks,https://www.investing.com/economic-calendar/foreign-investments-in-japanese-stocks-1451,,,"-2,034.0B"
"Friday, September 26, 2025",01:00,SGD,Low Volatility Expected,Industrial Production (MoM) (Aug),https://www.investing.com/economic-calendar/singaporean-industrial-production-1078,,,8.2%
"Friday, September 26, 2025",01:00,SGD,Low Volatility Expected,Industrial Production (YoY) (Aug),https://www.investing.com/economic-calendar/singaporean-industrial-production-512,,-2.5%,7.1%
"Friday, September 26, 2025",01:30,JPY,Moderate Volatility Expected,BoJ Board Member Noguchi Speaks,https://www.investing.com/economic-calendar/boj-board-member-noguchi-speech-2019,,,
"Friday, September 26, 2025",03:00,EUR,Moderate Volatility Expected,Spanish GDP (QoQ) (Q2),https://www.investing.com/economic-calendar/spanish-gdp-402,,0.7%,0.7%
"Friday, September 26, 2025",03:00,EUR,Low Volatility Expected,Spanish GDP (YoY) (Q2),https://www.investing.com/economic-calendar/spanish-gdp-965,,2.8%,2.8%
"Friday, September 26, 2025",04:00,EUR,Low Volatility Expected,Italian Business Confidence (Sep),https://www.investing.com/economic-calendar/italian-business-confidence-532,,87.5,87.4
"Friday, September 26, 2025",04:00,EUR,Low Volatility Expected,Italian Consumer Confidence (Sep),https://www.investing.com/economic-calendar/italian-consumer-confidence-525,,,96.2
"Friday, September 26, 2025",05:30,EUR,Moderate Volatility Expected,Italian 10-Year BTP Auction,https://www.investing.com/economic-calendar/italian-10-year-btp-auction-583,,,3.58%
"Friday, September 26, 2025",05:30,EUR,Low Volatility Expected,Italian 5-Year BTP Auction,https://www.investing.com/economic-calendar/italian-5-year-btp-auction-699,,,2.80%
"Friday, September 26, 2025",05:30,EUR,Moderate Volatility Expected,ECB President Lagarde Speaks,https://www.investing.com/economic-calendar/ecb-president-lagarde-speaks-1965,,,
"Friday, September 26, 2025",06:00,EUR,Moderate Volatility Expected,France Jobseekers Total (Aug),https://www.investing.com/economic-calendar/france-jobseekers-total-1623,,,"3,033.5K"
"Friday, September 26, 2025",07:30,INR,Low Volatility Expected,Bank Loan Growth,https://www.investing.com/economic-calendar/indian-bank-loan-growth-758,,,10.0%
"Friday, September 26, 2025",07:30,INR,Low Volatility Expected,Deposit Growth,https://www.investing.com/economic-calendar/indian-deposit-growth-1421,,,10.2%
"Friday, September 26, 2025",07:30,INR,Low Volatility Expected,"FX Reserves, USD","https://www.investing.com/economic-calendar/indian-fx-reserves,-usd-757",,,702.97B
"Friday, September 26, 2025",07:30,BRL,Low Volatility Expected,Current Account (USD) (Aug),https://www.investing.com/economic-calendar/current-account-(usd)-859,,-5.40B,-7.07B
"Friday, September 26, 2025",07:30,BRL,Low Volatility Expected,Foreign direct investment (USD) (Aug),https://www.investing.com/economic-calendar/foreign-direct-investment-(usd)-862,,6.20B,8.32B
"Friday, September 26, 2025",08:30,USD,High Volatility Expected,Core PCE Price Index (MoM) (Aug),https://www.investing.com/economic-calendar/core-pce-price-index-61,,0.2%,0.3%
"Friday, September 26, 2025",08:30,USD,High Volatility Expected,Core PCE Price Index (YoY) (Aug),https://www.investing.com/economic-calendar/core-pce-price-index-905,,2.9%,2.9%
"Friday, September 26, 2025",08:30,USD,Moderate Volatility Expected,PCE Price index (YoY) (Aug),https://www.investing.com/economic-calendar/pce-price-index-906,,2.7%,2.6%
"Friday, September 26, 2025",08:30,USD,Moderate Volatility Expected,PCE price index (MoM) (Aug),https://www.investing.com/economic-calendar/pce-price-index-904,,0.3%,0.2%
"Friday, September 26, 2025",08:30,USD,Low Volatility Expected,Personal Income (MoM) (Aug),https://www.investing.com/economic-calendar/personal-income-234,,0.3%,0.4%
"Friday, September 26, 2025",08:30,USD,Moderate Volatility Expected,Personal Spending (MoM) (Aug),https://www.investing.com/economic-calendar/personal-spending-235,,0.5%,0.5%
"Friday, September 26, 2025",08:30,USD,Low Volatility Expected,Real Personal Consumption (MoM) (Aug),https://www.investing.com/economic-calendar/real-personal-consumption-895,,,0.3%
"Friday, September 26, 2025",08:30,CAD,Moderate Volatility Expected,GDP (MoM) (Jul),https://www.investing.com/economic-calendar/gdp-123,,,-0.1%
"Friday, September 26, 2025",08:30,CAD,Moderate Volatility Expected,GDP (MoM) (Jul),https://www.investing.com/economic-calendar/gdp-123,,0.1%,-0.1%
"Friday, September 26, 2025",08:30,CAD,Moderate Volatility Expected,Wholesale Sales (MoM) (Aug),https://www.investing.com/economic-calendar/wholesale-sales-306,,,1.2%
"Friday, September 26, 2025",09:00,USD,Low Volatility Expected,Dallas Fed PCE (Aug),https://www.investing.com/economic-calendar/dallas-fed-pce-1550,,,1.90%
"Friday, September 26, 2025",09:00,USD,Low Volatility Expected,FOMC Member Barkin Speaks,https://www.investing.com/economic-calendar/fomc-member-barkin-speaks-1775,,,
"Friday, September 26, 2025",10:00,USD,Moderate Volatility Expected,Michigan 1-Year Inflation Expectations (Sep),https://www.investing.com/economic-calendar/michigan-1-year-inflation-expectations-389,,4.8%,4.8%
"Friday, September 26, 2025",10:00,USD,Moderate Volatility Expected,Michigan 5-Year Inflation Expectations (Sep),https://www.investing.com/economic-calendar/michigan-5-year-inflation-expectations-1568,,3.9%,3.5%
"Friday, September 26, 2025",10:00,USD,Moderate Volatility Expected,Michigan Consumer Expectations (Sep),https://www.investing.com/economic-calendar/michigan-consumer-expectations-900,,51.8,55.9
"Friday, September 26, 2025",10:00,USD,Moderate Volatility Expected,Michigan Consumer Sentiment (Sep),https://www.investing.com/economic-calendar/michigan-consumer-sentiment-320,,55.4,58.2
"Friday, September 26, 2025",10:00,USD,Low Volatility Expected,Michigan Current Conditions (Sep),https://www.investing.com/economic-calendar/michigan-current-conditions-901,,61.2,61.7
"Friday, September 26, 2025",11:00,CAD,Low Volatility Expected,Budget Balance (YoY) (Jul),https://www.investing.com/economic-calendar/budget-balance-1073,,,-3.34B
"Friday, September 26, 2025",11:00,CAD,Low Volatility Expected,Budget Balance (Jul),https://www.investing.com/economic-calendar/budget-balance-669,,,3.63B
"Friday, September 26, 2025",11:30,USD,Moderate Volatility Expected,Atlanta Fed GDPNow (Q3),https://www.investing.com/economic-calendar/atlanta-fed-gdpnow-2260,,3.3%,3.3%
"Friday, September 26, 2025",13:00,USD,Moderate Volatility Expected,U.S. Baker Hughes Oil Rig Count,https://www.investing.com/economic-calendar/baker-hughes-u.s.-rig-count-1652,,,418
"Friday, September 26, 2025",13:00,USD,Moderate Volatility Expected,FOMC Member Bowman Speaks,https://www.investing.com/economic-calendar/fomc-member-bowman-speaks-1835,,,
"Friday, September 26, 2025",13:00,USD,Moderate Volatility Expected,U.S. Baker Hughes Total Rig Count,https://www.investing.com/economic-calendar/u.s.-baker-hughes-total-rig-count-1810,,,542
"Friday, September 26, 2025",15:30,GBP,Moderate Volatility Expected,CFTC GBP speculative net positions,https://www.investing.com/economic-calendar/cftc-gbp-speculative-positions-1612,,,-6.6K
"Friday, September 26, 2025",15:30,USD,Low Volatility Expected,CFTC Aluminium speculative net positions,https://www.investing.com/economic-calendar/cftc-aluminium-speculative-net-positions-1821,,,1.2K
"Friday, September 26, 2025",15:30,USD,Low Volatility Expected,CFTC Copper speculative net positions,https://www.investing.com/economic-calendar/cftc-copper-speculative-positions-1620,,,30.3K
"Friday, September 26, 2025",15:30,USD,Low Volatility Expected,CFTC Corn speculative net positions,https://www.investing.com/economic-calendar/cftc-corn-speculative-positions-1813,,,-36.2K
"Friday, September 26, 2025",15:30,USD,Moderate Volatility Expected,CFTC Crude Oil speculative net positions,https://www.investing.com/economic-calendar/cftc-crude-oil-speculative-positions-1653,,,98.7K
"Friday, September 26, 2025",15:30,USD,Moderate Volatility Expected,CFTC Gold speculative net positions,https://www.investing.com/economic-calendar/cftc-gold-speculative-positions-1618,,,266.4K
"Friday, September 26, 2025",15:30,USD,Moderate Volatility Expected,CFTC Nasdaq 100 speculative net positions,https://www.investing.com/economic-calendar/cftc-nasdaq-100-speculative-positions-1959,,,17.8K
"Friday, September 26, 2025",15:30,USD,Low Volatility Expected,CFTC Natural Gas speculative net positions,https://www.investing.com/economic-calendar/cftc-natural-gas-speculative-positions-1820,,,-110.9K
"Friday, September 26, 2025",15:30,USD,Moderate Volatility Expected,CFTC S&P 500 speculative net positions,https://www.investing.com/economic-calendar/cftc-s-p-500-speculative-positions-1619,,,-225.1K
"Friday, September 26, 2025",15:30,USD,Low Volatility Expected,CFTC Silver speculative net positions,https://www.investing.com/economic-calendar/cftc-silver-speculative-positions-1621,,,51.5K
"Friday, September 26, 2025",15:30,USD,Low Volatility Expected,CFTC Soybeans speculative net positions,https://www.investing.com/economic-calendar/cftc-soybeans-speculative-positions-1811,,,21.2K
"Friday, September 26, 2025",15:30,USD,Low Volatility Expected,CFTC Wheat speculative net positions,https://www.investing.com/economic-calendar/cftc-wheat-speculative-positions-1812,,,-72.2K
"Friday, September 26, 2025",15:30,CAD,Low Volatility Expected,CFTC CAD speculative net positions,https://www.investing.com/economic-calendar/cftc-cad-speculative-positions-1613,,,-107.2K
"Friday, September 26, 2025",15:30,CHF,Low Volatility Expected,CFTC CHF speculative net positions,https://www.investing.com/economic-calendar/cftc-chf-speculative-positions-1617,,,-26.0K
"Friday, September 26, 2025",15:30,AUD,Moderate Volatility Expected,CFTC AUD speculative net positions,https://www.investing.com/economic-calendar/cftc-aud-speculative-positions-1615,,,-51.2K
"Friday, September 26, 2025",15:30,BRL,Moderate Volatility Expected,CFTC BRL speculative net positions,https://www.investing.com/economic-calendar/cftc-brl-speculative-positions-1814,,,62.2K
"Friday, September 26, 2025",15:30,JPY,Moderate Volatility Expected,CFTC JPY speculative net positions,https://www.investing.com/economic-calendar/cftc-jpy-speculative-positions-1614,,,61.4K
"Friday, September 26, 2025",15:30,NZD,Low Volatility Expected,CFTC NZD speculative net positions,https://www.investing.com/economic-calendar/cftc-nzd-speculative-positions-1616,,,-18.0K
"Friday, September 26, 2025",15:30,EUR,Moderate Volatility Expected,CFTC EUR speculative net positions,https://www.investing.com/economic-calendar/cftc-eur-speculative-positions-1611,,,117.8K
"Friday, September 26, 2025",18:00,USD,Moderate Volatility Expected,FOMC Member Bostic Speaks,https://www.investing.com/economic-calendar/fomc-member-bostic-speaks-1712,,,
"Friday, September 26, 2025",21:30,CNY,Low Volatility Expected,Chinese Industrial profit YTD (Aug),https://www.investing.com/economic-calendar/chinese-industrial-profit-ytd-1917,,,-1.7%
